<?xml version="1.0" encoding="UTF-8"?><PlanDefinition xmlns="http://hl7.org/fhir"><id value="HepBAdultForecastingPD"/><url value="http://hl7.org/fhir/uv/cpg/hepb/PlanDefinition/HepBAdultForecastingPD"/><identifier><use value="official"/><value value="HepBAdultForecastingPD"/></identifier><version value="1.0.0"/><name value="HepBAdultForecastingPD"/><title value="Immunization Forecasting of Hepatitis B Vaccine for Adults &gt;= 18 Years of Age"/><type><coding><system value="http://terminology.hl7.org/CodeSystem/plan-definition-type"/><code value="eca-rule"/><display value="ECA Rule"/></coding></type><status value="draft"/><experimental value="true"/><date value="2024-11-18T18:26:50+00:00"/><publisher value="HL7 International - Clinical Decision Support WG"/><contact><name value="HL7 International - Clinical Decision Support WG"/><telecom><system value="url"/><value value="http://www.hl7.org/Special/committees/dss/index.cfm"/></telecom></contact><description value="If an adult patient has not been immunized for Hep B and is indicated for a Hep B vaccine, providers should administer according to this forecast."/><useContext><code><system value="http://terminology.hl7.org/CodeSystem/usage-context-type"/><code value="focus"/><display value="Clinical Focus"/></code><valueCodeableConcept><coding><system value="http://snomed.info/sct"/><code value="384810002"/><display value="Immunization/vaccination management (procedure)"/></coding></valueCodeableConcept></useContext><jurisdiction><coding><system value="http://unstats.un.org/unsd/methods/m49/m49.htm"/><code value="001"/><display value="World"/></coding></jurisdiction><purpose value="Example artifact implementation of CDC ACIP Hep B vaccination guidelines for adults, 18 years and older, who have not yet been immunized."/><topic><text value="Immunization Forecasting"/></topic><author><name value="Daryl Chertcoff"/></author><author><name value="Bryn Rhodes"/></author><relatedArtifact><type value="documentation"/><display value="Immunization Calculation Engine - Hep B Vaccine Group - Hep B 2-dose Adult Series"/><url value="https://cdsframework.atlassian.net/wiki/spaces/ICE/pages/14352491/Hep+B+Vaccine+Group#HepBVaccineGroup-ImmunizationSeries:HepB2-doseAdultSeries"/><document><url value="https://cdsframework.atlassian.net/wiki/spaces/ICE/pages/14352491/Hep+B+Vaccine+Group#HepBVaccineGroup-ImmunizationSeries:HepB2-doseAdultSeries"/></document></relatedArtifact><relatedArtifact><type value="documentation"/><display value="CDC MMWR Vol.67 / No.1 : Prevention of Hepatitis B Virus Infection in the United States: Recommendations of the Advisory Committee on Immunization Practices"/><url value="http://www.cdc.gov/mmwr/volumes/67/rr/pdfs/rr6701-H.PDF"/><document><url value="http://www.cdc.gov/mmwr/volumes/67/rr/pdfs/rr6701-H.PDF"/></document></relatedArtifact><relatedArtifact><type value="documentation"/><display value="April 2018 Recommendations for the use of adjuvanted hepatitis B vaccine (Heplisav-B, Dynavax)"/><url value="https://www.cdc.gov/mmwr/volumes/67/wr/pdfs/mm6715a5-H.pdf"/><document><url value="https://www.cdc.gov/mmwr/volumes/67/wr/pdfs/mm6715a5-H.pdf"/></document></relatedArtifact><library value="http://hl7.org/fhir/uv/cpg/hepb/Library/HepBAdultForecasting"/><action><title value="Hep B Immunization Forecast"/><description value="Vaccinate Adult with specified Hep B forecast, if noted"/><documentation><type value="documentation"/><display value="Immunization Calculation Engine - Hep B 2-dose Adult Series"/><url value="https://cdsframework.atlassian.net/wiki/spaces/ICE/pages/14352491/Hep+B+Vaccine+Group#HepBVaccineGroup-ImmunizationSeries:HepB2-doseAdultSeries"/><document><url value="https://cdsframework.atlassian.net/wiki/spaces/ICE/pages/14352491/Hep+B+Vaccine+Group#HepBVaccineGroup-ImmunizationSeries:HepB2-doseAdultSeries"/></document></documentation><trigger><type value="named-event"/><name value="patient-view"/></trigger><condition><kind value="applicability"/><expression><description value="Is a Hep B Adult Recommendation Available?"/><language value="text/cql"/><expression value="Patient Hep B Immunization History should be Evaluated in Adult Series"/></expression></condition><groupingBehavior value="visual-group"/><selectionBehavior value="exactly-one"/><dynamicValue><path value="action.title"/><expression><language value="text/cql"/><expression value="Get Recommendation Overview"/></expression></dynamicValue><dynamicValue><path value="action.description"/><expression><language value="text/cql"/><expression value="Get Recommendation Detail"/></expression></dynamicValue><action><description value="Will Follow Recommendations Provided by This Forecast"/></action><action><description value="Will not immunize due to contraindication(s) or other medical risk factors"/></action><action><description value="Will not immunize due to patient preferences"/></action><action><description value="N/A - see comment (will be reviewed by medical director)"/></action></action></PlanDefinition>