{"resourceType":"PlanDefinition","id":"HepBAdultForecastingPD","url":"http://cqframework.org/cpg-example-hepb/PlanDefinition/HepBAdultForecastingPD","identifier":[{"use":"official","value":"HepBAdultForecastingPD"}],"version":"1.0.0","name":"HepBAdultForecastingPD","title":"Immunization Forecasting of Hepatitis B Vaccine for Adults >= 18 Years of Age","type":{"coding":[{"system":"http://terminology.hl7.org/CodeSystem/plan-definition-type","code":"eca-rule","display":"ECA Rule"}]},"status":"draft","experimental":true,"date":"2024-11-18T18:29:28+00:00","publisher":"HL7 International - Clinical Decision Support WG","contact":[{"name":"HL7 International - Clinical Decision Support WG","telecom":[{"system":"url","value":"http://www.hl7.org/Special/committees/dss/index.cfm"}]}],"description":"If an adult patient has not been immunized for Hep B and is indicated for a Hep B vaccine, providers should administer according to this forecast.","useContext":[{"code":{"system":"http://terminology.hl7.org/CodeSystem/usage-context-type","code":"focus","display":"Clinical Focus"},"valueCodeableConcept":{"coding":[{"system":"http://snomed.info/sct","code":"384810002","display":"Immunization/vaccination management (procedure)"}]}}],"jurisdiction":[{"coding":[{"system":"http://unstats.un.org/unsd/methods/m49/m49.htm","code":"001","display":"World"}]}],"purpose":"Example artifact implementation of CDC ACIP Hep B vaccination guidelines for adults, 18 years and older, who have not yet been immunized.","topic":[{"text":"Immunization Forecasting"}],"author":[{"name":"Daryl Chertcoff"},{"name":"Bryn Rhodes"}],"relatedArtifact":[{"type":"documentation","display":"Immunization Calculation Engine - Hep B Vaccine Group - Hep B 2-dose Adult Series","url":"https://cdsframework.atlassian.net/wiki/spaces/ICE/pages/14352491/Hep+B+Vaccine+Group#HepBVaccineGroup-ImmunizationSeries:HepB2-doseAdultSeries","document":{"url":"https://cdsframework.atlassian.net/wiki/spaces/ICE/pages/14352491/Hep+B+Vaccine+Group#HepBVaccineGroup-ImmunizationSeries:HepB2-doseAdultSeries"}},{"type":"documentation","display":"CDC MMWR Vol.67 / No.1 : Prevention of Hepatitis B Virus Infection in the United States: Recommendations of the Advisory Committee on Immunization Practices","url":"http://www.cdc.gov/mmwr/volumes/67/rr/pdfs/rr6701-H.PDF","document":{"url":"http://www.cdc.gov/mmwr/volumes/67/rr/pdfs/rr6701-H.PDF"}},{"type":"documentation","display":"April 2018 Recommendations for the use of adjuvanted hepatitis B vaccine (Heplisav-B, Dynavax)","url":"https://www.cdc.gov/mmwr/volumes/67/wr/pdfs/mm6715a5-H.pdf","document":{"url":"https://www.cdc.gov/mmwr/volumes/67/wr/pdfs/mm6715a5-H.pdf"}}],"library":["http://cqframework.org/cpg-example-hepb/Library/HepBAdultForecasting"],"action":[{"title":"Hep B Immunization Forecast","description":"Vaccinate Adult with specified Hep B forecast, if noted","documentation":[{"type":"documentation","display":"Immunization Calculation Engine - Hep B 2-dose Adult Series","url":"https://cdsframework.atlassian.net/wiki/spaces/ICE/pages/14352491/Hep+B+Vaccine+Group#HepBVaccineGroup-ImmunizationSeries:HepB2-doseAdultSeries","document":{"url":"https://cdsframework.atlassian.net/wiki/spaces/ICE/pages/14352491/Hep+B+Vaccine+Group#HepBVaccineGroup-ImmunizationSeries:HepB2-doseAdultSeries"}}],"trigger":[{"type":"named-event","name":"patient-view"}],"condition":[{"kind":"applicability","expression":{"description":"Is a Hep B Adult Recommendation Available?","language":"text/cql","expression":"Patient Hep B Immunization History should be Evaluated in Adult Series"}}],"groupingBehavior":"visual-group","selectionBehavior":"exactly-one","dynamicValue":[{"path":"action.title","expression":{"language":"text/cql","expression":"Get Recommendation Overview"}},{"path":"action.description","expression":{"language":"text/cql","expression":"Get Recommendation Detail"}}],"action":[{"description":"Will Follow Recommendations Provided by This Forecast"},{"description":"Will not immunize due to contraindication(s) or other medical risk factors"},{"description":"Will not immunize due to patient preferences"},{"description":"N/A - see comment (will be reviewed by medical director)"}]}]}